_id,username,password,email,first_name,last_name,user_id
661518608d34e3796316c9b5,user1,password1,user1@example.com,John,Doe,1741
661518608d34e3796316c9b6,user2,password2,user2@example.com,Jane,Smith,7777
661518608d34e3796316c9b7,user3,password3,user3@example.com,Alice,Johnson,6019
661518608d34e3796316c9b8,user4,password4,user4@example.com,Bob,Brown,7010
661518608d34e3796316c9b9,user5,password5,user5@example.com,Emily,Davis,7577
66151be68d34e3796316c9bf,john_doe,password6,john_doe@example.com,John,Doe,3551
66151be68d34e3796316c9c0,alice_smith,password7,alice_smith@example.com,Alice,Smith,5200
66151be68d34e3796316c9c1,michael_clark,password8,michael_clark@example.com,Michael,Clark,2221
66151be68d34e3796316c9c2,emma_jones,password9,emma_jones@example.com,Emma,Jones,9779
66151be68d34e3796316c9c3,peter_wilson,password10,peter_wilson@example.com,Peter,Wilson,4001
6619c74d03b53e58bf4595aa,abcd,passabcd,abcd@example.com,Abcd,xyz,
